dsvsfvdfsv87,5aa96f81-2ff9-470b-9369-4eab3978090b,private,B,2024-04-12T01:12:43.495Z
dsvsfvdfsv87,c027b813-6bf0-4d5a-bf95-7f6f9f8ac4d4,private,A,2024-04-12T01:22:49.427Z
dsvsfvdfsv87,853280af-47ef-4500-9300-8985461699bd,private,A,2024-04-12T01:25:40.790Z
dsvsfvdfsv87,8047f6ec-15cc-47d4-8447-4176d3f0c80d,private,B,2024-04-12T01:42:31.659Z
dsvsfvdfsv87,9e35fc52-5729-4331-b149-25c872013639,private,A,2024-04-12T01:49:03.189Z
dsvsfvdfsv87,dabc5735-852d-4249-b70b-5cb33a187bd4,private,B,2024-04-12T02:00:40.679Z
dsvsfvdfsv87,240ff8f0-f7c0-4579-b6b7-9aec7b2b107c,private,A,2024-04-12T02:41:54.019Z
dsvsfvdfsv87,5b8329e3-1580-4e17-8e58-b5806548ee42,private,A,2024-04-12T02:46:24.357Z
dsvsfvdfsv87,ec257c57-b093-47fd-b062-5d9694ec0d94,private,B,2024-04-12T03:27:09.676Z
dsvsfvdfsv87,43cdc324-a437-432f-8e66-89c830ff638c,private,A,2024-04-12T03:28:20.461Z
dsvsfvdfsv87,8b0b47f0-c71c-4a1c-a415-443db88694ab,private,B,2024-04-12T03:29:55.034Z
dsvsfvdfsv87,16efdc56-2c9d-4e49-94fb-18484fb04204,private,B,2024-04-12T03:54:21.647Z
dsvsfvdfsv87,cd639652-0f15-4636-a7e6-1141f506458e,private,B,2024-04-12T04:02:03.019Z
dsvsfvdfsv87,42d5e405-62aa-4b65-9ea9-e2bcf69db4a1,private,A,2024-04-12T04:04:34.850Z
dsvsfvdfsv87,153ee4a5-f098-417e-a67b-77b08bd16483,private,B,2024-04-12T04:26:41.903Z
reget5y44,62ce1003-b1c3-48e9-8492-16948b58de1b,public,B,2024-04-12T05:39:22.761Z
reget5y44,73d17b3e-185f-41d5-a96e-47aef22dfa30,public,A,2024-04-12T05:39:34.981Z
reget5y44,fe88592a-5ea3-4f58-bd44-c5a0a735f544,public,A,2024-04-12T05:39:47.496Z
reget5y44,b983a3dc-58af-4672-ae94-b1c0fb19cf6b,public,B,2024-04-12T05:43:13.730Z
reget5y44,62794708-2720-43bf-9307-a4f73ec5f454,public,B,2024-04-12T05:43:19.910Z
reget5y44,f15aa91a-ebc0-42d2-a618-5fcff36f9de2,public,B,2024-04-12T05:47:21.741Z
reget5y44,31bd12db-7fa9-4881-ba69-1f76219fd6cc,public,A,2024-04-12T05:56:54.743Z
