dsfsf3434,2f86ea0a-4f0c-42ad-be01-4e0f165d8570,private,B,2024-04-12T07:16:45.446Z
dsfsf3434,be146ecb-ab3d-4d81-b04d-a440a11a9a68,private,A,2024-04-12T07:17:47.171Z
dsfsf3434,ed9a412b-1a34-4566-a136-6ee7fb943878,public,B,2024-04-12T07:22:42.878Z
dsfsf3434,71059cfe-a12b-4535-8c79-a355cabbe734,public,B,2024-04-12T07:22:58.937Z
dsfsf3434,6ea68225-46f8-4a88-b1cf-48c28db91830,public,B,2024-04-12T07:33:24.857Z
dsfsf3434,d57e965d-096f-43a2-a3a1-d0add92fe284,public,B,2024-04-12T07:33:47.324Z
dsfsf3434,1c95af0f-e8ae-4a82-a3f0-32dd0ecf21ff,public,A,2024-04-12T07:33:50.239Z
dsfsf3434,cf39c1f3-74b9-45e6-8937-180dd556e86b,public,A,2024-04-12T07:34:03.582Z
dsfsf3434,5c768b57-0270-47ae-8397-e03adbd9a314,public,A,2024-04-12T07:34:18.453Z
dsfsf3434,28f292dc-bfc6-4915-81af-59804e5bd9c9,public,A,2024-04-12T07:35:36.533Z
dsfsf3434,7f5b2a1b-6c63-4ee2-acc3-765a5775fe87,public,A,2024-04-12T07:43:04.093Z
dsfsf3434,06df6c93-6785-4746-a8f8-09e3cf97f03e,public,A,2024-04-12T07:43:29.276Z
dsfsf3434,772e314a-fcaf-4900-b1df-c4783b86d228,public,B,2024-04-12T07:43:45.828Z
dsfsf3434,98a9b148-0e03-403d-bf43-d753f2ca66e4,public,A,2024-04-12T07:43:51.663Z
dsfsf3434,ba1016e0-4b3e-4e0e-9c3d-f9ddfb86db37,public,A,2024-04-12T07:52:53.033Z
dsfsf3434,b0cc7ef5-8e2c-41ef-9502-690b8a2e952a,public,B,2024-04-12T08:00:09.936Z
dsfsf3434,80135570-703b-4dd7-843f-6028488532f1,public,B,2024-04-12T08:08:34.532Z
dsfsf3434,a3a9bc1b-ee5e-4a7d-a25e-6b60f6cea762,public,B,2024-04-12T08:13:48.083Z
dsfsf3434,16a62e47-bf9c-412b-a40c-e57c81f8e2fc,public,A,2024-04-12T08:14:27.048Z
dsfsf3434,24216195-1c2e-4b08-a160-1a62070e62b9,public,A,2024-04-12T08:14:28.266Z
dsfsf3434,4e1719c2-b75d-44eb-8f3c-ba3c3f263b27,public,B,2024-04-12T08:14:58.467Z
dsfsf3434,ae3f5b2c-8f7e-406d-8a06-1b28fdc4369a,public,A,2024-04-12T08:15:15.754Z
dsfsf3434,309d7b60-7811-4fbf-9641-e45e6911c4d6,public,A,2024-04-12T08:15:16.964Z
dsfsf3434,c13835b9-0661-492a-b10b-c794587859a9,public,A,2024-04-12T08:15:24.881Z
dsfsf3434,a2a31c42-e65e-4f65-8ed4-eb95bfc2bb2a,public,A,2024-04-12T08:15:25.622Z
dsfsf3434,a2d645d4-7fa0-49ff-9e3f-87c1452f6dbc,public,B,2024-04-12T08:17:08.842Z
dsfsf3434,df423160-57d1-4a8d-9d0a-4be15836e8c8,public,A,2024-04-12T08:17:15.332Z
dsfsf3434,6789d3a3-081c-4958-b45b-4f9834ca1c64,public,A,2024-04-12T08:17:39.749Z
dsfsf3434,d52008a6-7e24-426b-9c09-78e3d4eb56fa,public,A,2024-04-12T08:17:51.930Z
dsfsf3434,02543089-87cc-4ba9-b5ff-bff1f162fa94,public,B,2024-04-12T08:18:11.672Z
dsfsf3434,23807cc3-1623-457a-9d13-0c712e1cdd56,public,B,2024-04-12T15:36:54.267Z
dfghe53935,147c5f30-9d59-4683-aedc-12ccf3fc8acd,none,B,2024-04-12T15:54:48.591Z
fsgsr984373954,694810ee-a34f-4822-841a-dcf453eba59e,public,B,2024-04-12T16:31:57.146Z
dgfhrtshy9354489htb,4e695cd1-1447-4466-b565-4c3411f4c231,private,A,2024-04-12T16:42:50.530Z
wegetgrtwhe,bac75eb2-b0b9-4e1e-b102-50745e3c2212,none,B,2024-04-12T17:19:45.213Z
fdbrsb,cc929684-f716-4755-a9bf-92261455d695,public,A,2024-04-12T17:22:02.763Z
vder4r,7983d740-97f7-478b-ae77-3b4cd4f921b4,none,A,2024-04-12T17:27:10.082Z
